<profile version="1.0">
  <option name="myName" value="Default" />
  <inspection_tool class="CheckEmptyScriptTag" enabled="false" level="WARNING" enabled_by_default="false" />
  <inspection_tool class="CssInvalidHtmlTagReference" enabled="false" level="WARNING" enabled_by_default="false" />
  <inspection_tool class="CssInvalidPropertyValue" enabled="false" level="ERROR" enabled_by_default="false" />
  <inspection_tool class="HtmlDeprecatedAttribute" enabled="false" level="WARNING" enabled_by_default="false" />
  <inspection_tool class="HtmlDeprecatedTag" enabled="false" level="WARNING" enabled_by_default="false" />
  <inspection_tool class="HtmlUnknownAttribute" enabled="false" level="WARNING" enabled_by_default="false">
    <option name="myValues">
      <value>
        <list size="0" />
      </value>
    </option>
    <option name="myCustomValuesEnabled" value="true" />
  </inspection_tool>
  <inspection_tool class="HtmlUnknownBooleanAttribute" enabled="false" level="WARNING" enabled_by_default="false" />
  <inspection_tool class="HtmlUnknownTag" enabled="false" level="WARNING" enabled_by_default="false">
    <option name="myValues">
      <value>
        <list size="6">
          <item index="0" class="java.lang.String" itemvalue="nobr" />
          <item index="1" class="java.lang.String" itemvalue="noembed" />
          <item index="2" class="java.lang.String" itemvalue="comment" />
          <item index="3" class="java.lang.String" itemvalue="noscript" />
          <item index="4" class="java.lang.String" itemvalue="embed" />
          <item index="5" class="java.lang.String" itemvalue="script" />
        </list>
      </value>
    </option>
    <option name="myCustomValuesEnabled" value="true" />
  </inspection_tool>
  <inspection_tool class="JSUnresolvedVariable" enabled="false" level="WEAK WARNING" enabled_by_default="false" />
  <inspection_tool class="SpellCheckingInspection" enabled="false" level="TYPO" enabled_by_default="false">
    <option name="processCode" value="true" />
    <option name="processLiterals" value="true" />
    <option name="processComments" value="true" />
  </inspection_tool>
</profile>