<application>
  <component name="FileTypeManager" version="17">
    <extensionMap>
      <mapping ext="php" type="HTML" />
      <mapping pattern=".postcssrc" type="JSON" />
      <mapping pattern=".yunxirc" type="JSON" />
      <mapping pattern="yunxi" type="PLAIN_TEXT" />
      <mapping pattern=".gitlabci" type="PLAIN_TEXT" />
      <mapping pattern=".bilirc" type="PLAIN_TEXT" />
      <mapping pattern="upm" type="PLAIN_TEXT" />
      <removed_mapping ext="bat" approved="true" type="PLAIN_TEXT" />
      <removed_mapping ext="log" approved="true" type="PLAIN_TEXT" />
      <removed_mapping ext="cmd" approved="true" type="PLAIN_TEXT" />
      <removed_mapping ext="bat" approved="true" type="PLAIN_TEXT" />
      <removed_mapping ext="log" approved="true" type="PLAIN_TEXT" />
      <removed_mapping ext="dockerfile" approved="true" type="textmate" />
      <removed_mapping ext="makefile" approved="true" type="textmate" />
      <removed_mapping ext="php" approved="true" type="PHP" />
      <removed_mapping ext="cmd" approved="true" type="PLAIN_TEXT" />
      <removed_mapping pattern=".postcssrc" approved="true" type="PLAIN_TEXT" />
      <removed_mapping ext="snakefile" approved="true" type="textmate" />
    </extensionMap>
  </component>
</application>