<application>
  <component name="WebServers">
    <option name="servers">
      <webServer id="fd04214e-2016-4e72-8de0-696df8e244fe" name="47.99.199.94" url="http://121.43.58.208">
        <fileTransfer accessType="SFTP" sshConfigId="f5e599cb-f11a-460d-89a9-f6e5d86cb9b2" sshConfig="优迈教育">
          <advancedOptions>
            <advancedOptions dataProtectionLevel="Private" passiveMode="true" shareSSLContext="true" />
          </advancedOptions>
        </fileTransfer>
      </webServer>
    </option>
  </component>
</application>